;NomeProduto;Validade
0;Cadeira Verde militar;2027-05-11
1;Cadeira Castanho claro;2026-08-09
2;Cadeira Carmim;2026-05-04
3;Cadeira Azul ardósia claro;2025-05-31
4;Cadeira Tomate;2025-03-17
5;Cadeira Branco;2025-01-06
6;Cadeira Trigo;2025-11-29
7;Cadeira Amarelo brasilis;2026-08-19
8;Cadeira Eminência;2026-04-04
9;Cadeira Azul;2026-12-04
10;Cadeira Violeta;2026-04-15
11;Cadeira Azul celeste pernambucano;2026-12-16
12;Cadeira Rosa embaçado;2025-02-01
13;Cadeira Caqui escuro;2027-03-05
14;Cadeira Azul celeste;2026-01-05
15;Mesa Roxo;2025-04-02
16;Mesa Tomate;2026-09-13
17;Mesa Azul marinho;2027-06-28
18;Mesa Orquídea;2027-01-08
19;Mesa Tangerina;2026-04-30
20;Mesa Branco navajo;2025-11-08
21;Mesa Azul areado;2026-01-25
22;Mesa Terracota;2027-04-08
23;Mesa Ciano;2026-03-01
24;Mesa Rosa profundo;2027-03-08
25;Mesa Ocre;2026-07-22
26;Mesa Triássico;2026-03-19
27;Mesa Lima;2025-01-28
28;Mesa Caqui;2025-03-07
29;Mesa Glicínia;2025-04-09
30;Sofá Água-marinha média;2027-03-14
31;Sofá Azul real;2025-11-06
32;Sofá Azul furtivo;2025-07-07
33;Sofá Glitter;2027-01-21
34;Sofá Pardo;2026-03-08
35;Sofá Açafrão;2026-09-15
36;Sofá Cobre;2026-04-30
37;Sofá Milho;2026-09-03
38;Sofá Violeta claro;2026-08-08
39;Sofá Oliva escura;2025-09-07
40;Sofá Verde mar médio;2026-01-19
41;Sofá Quantum;2027-03-29
42;Sofá Verde claro;2025-12-23
43;Sofá Fandango;2025-07-11
44;Sofá Azul taparuere;2025-01-29
45;Cama Azul força aérea;2027-06-24
46;Cama Couro;2025-10-05
47;Cama Azul celeste;2025-06-05
48;Cama Cobre;2025-03-23
49;Cama Jambo;2026-07-31
50;Cama Carmim clássico;2026-11-18
51;Cama Azul ardósia;2024-12-19
52;Cama Amêndoa;2026-12-20
53;Cama Azul turquesa;2025-01-10
54;Cama Vermelho violeta pálido;2025-10-19
55;Cama Nyanza;2026-09-15
56;Cama Verde mar claro;2025-03-11
57;Cama Carmim carnáceo;2027-06-21
58;Cama Tangerina;2026-07-15
59;Cama Amarelo brasilis;2027-02-03
60;Armário Azul força aérea;2026-01-08
61;Armário Verde primavera médio;2027-06-17
62;Armário Ciano;2026-08-04
63;Armário Marfim;2025-11-21
64;Armário Flerte;2025-06-29
65;Armário Azul celeste pernambucano;2026-10-30
66;Armário Sépia;2026-01-09
67;Armário Grená;2026-10-28
68;Armário Oliva;2025-05-27
69;Armário Azul celeste;2025-12-25
70;Armário Verde amarelado;2025-12-04
71;Armário Azul cadete;2027-06-14
72;Armário Ferrugem;2025-08-09
73;Armário Azul brasilis brilhante;2025-09-22
74;Armário Orquídea;2027-03-07
75;Estante Lilás;2027-06-15
76;Estante Verde primavera;2026-04-18
77;Estante Cinza claro;2026-11-15
78;Estante Azul alice;2026-08-31
79;Estante Glitter;2026-07-28
80;Estante Oliva;2026-07-25
81;Estante Bege;2026-09-07
82;Estante Zinco;2025-01-07
83;Estante Ébano;2025-02-13
84;Estante Azul celeste pernambucano;2026-12-29
85;Estante Coral claro;2025-08-21
86;Estante Lavanda avermelhada;2027-02-11
87;Estante Ocre;2027-03-25
88;Estante Concha;2024-12-27
89;Estante Verde grama;2026-11-19
90;Poltrona Marfim;2025-09-11
91;Poltrona Turquesa pálida;2025-11-20
92;Poltrona Caqui;2025-04-21
93;Poltrona Lavanda;2026-06-03
94;Poltrona Oliva escura;2026-02-21
95;Poltrona Verde grama;2026-09-14
96;Poltrona Carmim clássico;2026-01-14
97;Poltrona Bordô;2027-04-01
98;Poltrona Azul céu profundo;2026-06-20
99;Poltrona Carmim carnáceo;2026-10-18
100;Poltrona Vermelho indiano;2025-01-07
101;Poltrona Creme;2027-04-05
102;Poltrona Glitter;2027-04-26
103;Poltrona Rosa Choque;2026-11-18
104;Poltrona Branco fumaça;2025-06-27
105;Guarda-roupa Cereja Hollywood;2025-06-29
106;Guarda-roupa Ciano escuro;2026-01-21
107;Guarda-roupa Herbal;2025-06-02
108;Guarda-roupa Grená;2027-02-27
109;Guarda-roupa Orquídea escura;2026-11-27
110;Guarda-roupa Verde escuro;2027-06-30
111;Guarda-roupa Bege;2027-06-01
112;Guarda-roupa Azul real;2027-02-28
113;Guarda-roupa Azul força aérea;2025-04-15
114;Guarda-roupa Rosa brilhante;2025-07-16
115;Guarda-roupa Verde primavera médio;2027-07-01
116;Guarda-roupa Lavanda avermelhada;2025-11-17
117;Guarda-roupa Azul brasilis;2027-04-28
118;Guarda-roupa Brasil;2025-11-17
119;Guarda-roupa Azul marinho;2025-04-09
120;Luminária Creme;2027-01-20
121;Luminária Branco;2025-12-29
122;Luminária Violeta;2025-03-31
123;Luminária Ameixa;2026-04-14
124;Luminária Azul celeste brilhante;2025-09-07
125;Luminária Preto;2025-01-15
126;Luminária Azul manteiga;2026-11-07
127;Luminária Ametista;2026-01-04
128;Luminária Concha;2027-05-24
129;Luminária Azul brasilis brilhante;2026-08-07
130;Luminária Verde primavera médio;2025-06-11
131;Luminária Verde Paris;2026-06-04
132;Luminária Ciano escuro;2026-12-13
133;Luminária Ouro;2026-03-15
134;Luminária Amarelo creme;2026-05-04
135;Cômoda Quartzo;2025-07-30
136;Cômoda Rosa claro;2025-05-05
137;Cômoda Creme de marisco;2027-06-10
138;Cômoda Lima;2026-07-03
139;Cômoda Verde floresta;2026-03-22
140;Cômoda Marrom sela;2025-02-21
141;Cômoda Amarelo queimado;2025-05-06
142;Cômoda Fúcsia;2027-04-29
143;Cômoda Renda antiga;2026-01-14
144;Cômoda Pêssego;2025-03-17
145;Cômoda Brasil;2025-07-30
146;Cômoda Azul flor de milho;2027-06-24
147;Cômoda Cinza médio;2027-01-29
148;Cômoda Vermelho indiano;2026-09-09
149;Cômoda Azul aço claro;2025-09-11
150;Mesa de cabeceira Verde-azulado;2025-05-28
151;Mesa de cabeceira Dourado;2025-04-28
152;Mesa de cabeceira Rosa brilhante;2025-01-15
153;Mesa de cabeceira Pêssego;2027-02-27
154;Mesa de cabeceira Salmão escuro;2027-03-18
155;Mesa de cabeceira Fandango;2026-07-02
156;Mesa de cabeceira Verde militar;2027-04-04
157;Mesa de cabeceira Verde lima;2026-09-06
158;Mesa de cabeceira Azul turquesa;2027-03-14
159;Mesa de cabeceira Siena;2026-04-28
160;Mesa de cabeceira Branco floral;2026-10-24
161;Mesa de cabeceira Turquesa escura;2025-08-05
162;Mesa de cabeceira Feldspato;2025-09-14
163;Mesa de cabeceira Azul celeste pernambucano;2027-03-09
164;Mesa de cabeceira Cardo;2027-05-17
165;Prateleira Amarelo esverdeado;2026-01-08
166;Prateleira Azul céu profundo;2027-02-24
167;Prateleira Carmesim;2025-06-28
168;Prateleira Azul real;2025-12-11
169;Prateleira Limão;2025-07-06
170;Prateleira Rosa Choque;2027-07-01
171;Prateleira Concha;2026-10-09
172;Prateleira Herbal;2025-08-16
173;Prateleira Cinza escuro;2026-07-05
174;Prateleira Jambo;2025-10-15
175;Prateleira Carmim carnáceo;2026-12-21
176;Prateleira Esmeralda;2025-05-28
177;Prateleira Marrom sela;2027-02-27
178;Prateleira Creme de menta;2026-08-02
179;Prateleira Púrpura;2025-03-06
180;Rack Pardo escuro;2025-01-04
181;Rack Verde claro;2026-11-23
182;Rack Azul médio;2025-06-01
183;Rack Madeira;2026-07-31
184;Rack Dourado pálido;2026-08-07
185;Rack Dourado;2025-09-03
186;Rack Azul ardósia;2027-04-08
187;Rack Laranja claro;2025-12-26
188;Rack Rosa danação;2026-02-14
189;Rack Fuligem;2025-07-01
190;Rack Água-marinha;2026-12-12
191;Rack Tangerina;2027-04-03
192;Rack Eucalipto;2026-05-10
193;Rack Neve;2025-11-29
194;Rack Âmbar;2027-05-06
195;TV Chocolate;2027-02-02
196;TV Milho Claro;2025-01-04
197;TV Lavanda avermelhada;2027-03-05
198;TV Cereja Hollywood;2026-06-03
199;TV Castanho claro;2025-07-20
200;TV Azul celeste;2025-09-25
201;TV Azul brasilis brilhante;2026-12-18
202;TV Rosa forte;2026-08-04
203;TV Índigo;2027-05-20
204;TV Azul alice;2026-01-04
205;TV Zinco;2025-06-27
206;TV Terracota;2024-12-17
207;TV Vermelho enegrecido;2026-08-16
208;TV Verde lima;2025-05-17
209;TV Vermelho violeta médio;2026-03-14
210;Aparador Água-marinha média;2027-01-27
211;Aparador Zinco;2025-01-04
212;Aparador Grená;2025-11-14
213;Aparador Azul pólvora;2025-01-01
214;Aparador Concha;2027-03-30
215;Aparador Azul camarada;2025-07-14
216;Aparador Siena;2026-07-08
217;Aparador Carmim carnáceo;2025-05-30
218;Aparador Azul aço;2026-10-11
219;Aparador Marrom amarelado;2025-03-08
220;Aparador Prata;2025-05-10
221;Aparador Aspargo;2026-05-10
222;Aparador Azul marinho;2025-09-27
223;Aparador Ameixa;2025-11-16
224;Aparador Salmão claro;2025-05-18
225;Balcão Cereja Hollywood;2025-02-11
226;Balcão Verde grama;2025-02-07
227;Balcão Magenta escuro;2025-05-27
228;Balcão Azul ardósia;2025-09-13
229;Balcão Castanho avermelhado;2027-05-07
230;Balcão Verde fluorescente;2027-03-17
231;Balcão Cenoura;2027-03-11
232;Balcão Madeira;2026-02-08
233;Balcão Creme de marisco;2026-12-28
234;Balcão Fuligem;2025-07-10
235;Balcão Vermelho violeta médio;2027-05-12
236;Balcão Eminência;2025-08-30
237;Balcão Verde claro;2025-10-10
238;Balcão Verde lima;2026-01-15
239;Balcão Violeta;2025-03-30
240;Cortina Fuligem;2026-07-20
241;Cortina Preto;2025-02-06
242;Cortina Vermelho violeta médio;2027-02-04
243;Cortina Rosa profundo;2027-05-03
244;Cortina Azul camarada;2025-06-10
245;Cortina Ametista;2025-12-19
246;Cortina Violeta escuro;2025-05-06
247;Cortina Fúcsia;2026-09-12
248;Cortina Flerte;2026-09-25
249;Cortina Verde-azulado;2026-10-11
250;Cortina Triássico;2025-01-05
251;Cortina Ébano;2026-03-08
252;Cortina Ciano;2025-04-17
253;Cortina Sépia;2025-06-02
254;Cortina Verde lima;2026-08-10
255;Tapete Concha;2025-06-05
256;Tapete Fandango;2026-02-14
257;Tapete Verde claro;2025-11-23
258;Tapete Brasil;2027-06-02
259;Tapete Bordô;2025-06-24
260;Tapete Triássico;2025-12-14
261;Tapete Preto;2025-06-05
262;Tapete Verde militar;2026-12-05
263;Tapete Marfim;2027-03-11
264;Tapete Açafrão;2025-07-13
265;Tapete Ciano claro;2025-05-15
266;Tapete Couro;2025-08-27
267;Tapete Azul camarada;2027-01-05
268;Tapete Quartzo;2025-08-10
269;Tapete Ouro;2027-05-08
270;Quadro Azul ardósia escuro;2027-05-07
271;Quadro Chocolate;2025-02-09
272;Quadro Dourado pálido;2025-07-09
273;Quadro Azul real;2027-06-21
274;Quadro Turquesa escura;2025-11-25
275;Quadro Ciano escuro;2027-02-07
276;Quadro Carmim carnáceo;2026-09-03
277;Quadro Vermelho violeta;2026-03-09
278;Quadro Branco antigo;2024-12-14
279;Quadro Glitter;2027-01-10
280;Quadro Carmim;2027-05-20
281;Quadro Lavanda avermelhada;2025-07-11
282;Quadro Orquídea;2026-11-09
283;Quadro Branco fantasma;2025-02-04
284;Quadro Cinza ardósia claro;2026-09-01
285;Espelho Bordô;2025-03-24
286;Espelho Urucum;2025-03-25
287;Espelho Azul ardósia médio;2026-10-31
288;Espelho Verde;2026-09-16
289;Espelho Rosa profundo;2026-06-08
290;Espelho Vermelho violeta pálido;2027-06-28
291;Espelho Marrom;2027-01-15
292;Espelho Salmão claro;2025-04-10
293;Espelho Azul taparuere;2027-06-11
294;Espelho Castanho avermelhado;2027-01-31
295;Espelho Azul médio;2024-12-17
296;Espelho Glicínia;2026-02-02
297;Espelho Púrpura;2024-12-23
298;Espelho Pardo escuro;2027-05-05
299;Espelho Ciano claro;2026-03-04
300;Banheira Azul;2026-01-15
301;Banheira Oliva parda;2025-11-16
302;Banheira Marrom;2025-03-21
303;Banheira Azul furtivo;2026-01-27
304;Banheira Mostarda;2026-08-21
305;Banheira Madeira;2025-11-14
306;Banheira Renda antiga;2027-01-10
307;Banheira Heliotrópio;2025-03-02
308;Banheira Azul ardósia claro;2025-02-02
309;Banheira Ciano;2025-01-02
310;Banheira Amarelo queimado;2025-07-10
311;Banheira Feldspato;2027-01-26
312;Banheira Cereja Hollywood;2024-12-17
313;Banheira Roxo brasilis;2025-11-15
314;Banheira Linho;2026-04-22
315;Vaso sanitário Concha;2026-08-26
316;Vaso sanitário Rosa Choque;2027-03-23
317;Vaso sanitário Rosa;2025-10-04
318;Vaso sanitário Verde floresta;2027-05-11
319;Vaso sanitário Branco;2027-06-03
320;Vaso sanitário Cinza médio;2026-03-15
321;Vaso sanitário Magenta;2025-12-01
322;Vaso sanitário Alizarina;2027-01-27
323;Vaso sanitário Verde pálido;2025-02-08
324;Vaso sanitário Marrom amarelado;2026-05-03
325;Vaso sanitário Roxo brasilis;2025-08-18
326;Vaso sanitário Azul ardósia;2025-11-23
327;Vaso sanitário Ferrugem;2025-09-29
328;Vaso sanitário Sépia;2025-12-31
329;Vaso sanitário Cenoura;2026-02-09
330;Lavabo Bronze;2025-07-19
331;Lavabo Vermelho escuro;2026-05-05
332;Lavabo Violeta claro;2027-05-15
333;Lavabo Verde amarelado;2026-09-07
334;Lavabo Amarelo brasilis;2027-06-28
335;Lavabo Azul areado;2024-12-27
336;Lavabo Bordô;2026-04-05
337;Lavabo Amarelo creme;2025-09-20
338;Lavabo Verde espectro;2026-10-30
339;Lavabo Branco antigo;2027-03-31
340;Lavabo Salmão claro;2026-07-06
341;Lavabo Creme;2025-04-29
342;Lavabo Azul ardósia médio;2025-03-22
343;Lavabo Água-marinha média;2025-08-04
344;Lavabo Azul real;2026-08-17
345;Chuveiro Azul cobalto;2026-08-21
346;Chuveiro Feldspato;2025-09-02
347;Chuveiro Tijolo refratário;2026-06-20
348;Chuveiro Dourado escuro;2026-09-30
349;Chuveiro Azul médio;2026-04-12
350;Chuveiro Chocolate;2026-06-01
351;Chuveiro Verde amarelado;2025-06-13
352;Chuveiro Castanho avermelhado;2025-11-04
353;Chuveiro Salmão escuro;2026-06-06
354;Chuveiro Turquesa média;2025-11-25
355;Chuveiro Quantum;2025-06-19
356;Chuveiro Milho Claro;2025-08-13
357;Chuveiro Neve;2025-07-20
358;Chuveiro Azul ardósia escuro;2025-06-27
359;Chuveiro Rosa brilhante;2025-02-05
360;Espremedor de frutas Branco fumaça;2025-05-13
361;Espremedor de frutas Rosa profundo;2026-03-20
362;Espremedor de frutas Lima;2027-06-20
363;Espremedor de frutas Linho;2025-05-28
364;Espremedor de frutas Amarelo brasilis;2025-11-08
365;Espremedor de frutas Magenta escuro;2025-02-12
366;Espremedor de frutas Azul turquesa brilhante;2027-01-23
367;Espremedor de frutas Jambo;2026-07-11
368;Espremedor de frutas Azul brasilis brilhante;2025-07-22
369;Espremedor de frutas Vermelho enegrecido;2026-03-13
370;Espremedor de frutas Cinza ardósia claro;2027-04-11
371;Espremedor de frutas Milho Claro;2025-03-26
372;Espremedor de frutas Caqui escuro;2026-12-04
373;Espremedor de frutas Rosa danação;2025-01-25
374;Espremedor de frutas Marrom rosado;2027-05-03
375;Cafeteira Marrom sela;2025-03-03
376;Cafeteira Mamão batido;2025-02-13
377;Cafeteira Salmão claro;2024-12-30
378;Cafeteira Ocre;2027-05-28
379;Cafeteira Branco fumaça;2025-05-04
380;Cafeteira Coral claro;2025-12-11
381;Cafeteira Ébano;2026-07-03
382;Cafeteira Heliotrópio;2026-11-05
383;Cafeteira Azul;2026-09-09
384;Cafeteira Tomate;2025-04-01
385;Cafeteira Azul ardósia escuro;2026-06-12
386;Cafeteira Mocassim;2025-09-12
387;Cafeteira Azul celeste;2026-02-25
388;Cafeteira Azul pólvora;2025-02-26
389;Cafeteira Azul manteiga;2027-01-18
390;Liquidificador Caqui;2025-01-15
391;Liquidificador Milho;2026-08-26
392;Liquidificador Cinza médio;2027-06-07
393;Liquidificador Tangerina;2027-06-06
394;Liquidificador Azul força aérea;2025-09-25
395;Liquidificador Verde Paris;2025-08-27
396;Liquidificador Carmim carnáceo;2027-06-27
397;Liquidificador Dourado escuro;2026-04-04
398;Liquidificador Azul manteiga;2026-05-17
399;Liquidificador Amarelo escuro;2026-05-03
400;Liquidificador Branco;2027-01-02
401;Liquidificador Azul petróleo;2025-12-09
402;Liquidificador Verde floresta;2026-05-10
403;Liquidificador Água-marinha média;2025-06-08
404;Liquidificador Rosa;2026-01-26
405;Geladeira Cardo;2027-02-01
406;Geladeira Fandango;2026-02-12
407;Geladeira Neve;2025-04-17
408;Geladeira Amarelo ouro claro;2026-05-29
409;Geladeira Lavanda;2026-05-01
410;Geladeira Linho;2026-10-07
411;Geladeira Chocolate;2025-03-18
412;Geladeira Esmeralda;2025-11-23
413;Geladeira Quartzo;2026-01-27
414;Geladeira Roxo;2026-06-26
415;Geladeira Azul céu;2027-02-02
416;Geladeira Violeta escuro;2027-01-31
417;Geladeira Branco floral;2024-12-18
418;Geladeira Lavanda avermelhada;2026-04-23
419;Geladeira Orquídea média;2026-03-15
420;Fogão Vermelho enegrecido;2027-06-10
421;Fogão Tangerina;2026-09-24
422;Fogão Lavanda avermelhada;2025-06-26
423;Fogão Azul cobalto;2026-10-10
424;Fogão Verde fluorescente;2026-04-20
425;Fogão Azul força aérea;2026-06-25
426;Fogão Verde mar claro;2026-01-13
427;Fogão Couro;2026-12-04
428;Fogão Heliotrópio;2025-09-24
429;Fogão Preto;2027-04-26
430;Fogão Amarelo esverdeado;2026-04-28
431;Fogão Renda antiga;2026-05-22
432;Fogão Lima;2026-10-20
433;Fogão Fuligem;2025-06-09
434;Fogão Iris;2025-10-05
435;Micro-ondas Glicínia;2025-03-21
436;Micro-ondas Amarelo esverdeado;2027-01-06
437;Micro-ondas Dourado pálido;2026-12-10
438;Micro-ondas Ocre;2025-08-08
439;Micro-ondas Coral;2025-08-24
440;Micro-ondas Castanho claro;2026-10-29
441;Micro-ondas Rosa amoroso;2025-04-30
442;Micro-ondas Maná;2026-09-29
443;Micro-ondas Limão;2026-11-07
444;Micro-ondas Azul ardósia médio;2026-03-05
445;Micro-ondas Azul cadete;2027-04-21
446;Micro-ondas Cereja Hollywood;2027-04-14
447;Micro-ondas Orquídea média;2025-01-08
448;Micro-ondas Dourado escuro;2027-02-26
449;Micro-ondas Azul brasilis;2026-09-01
450;Ar condicionado Amarelo;2025-12-24
451;Ar condicionado Independência;2025-06-03
452;Ar condicionado Oliva parda;2026-07-22
453;Ar condicionado Ferrugem;2026-05-08
454;Ar condicionado Creme;2025-07-12
455;Ar condicionado Açafrão;2025-07-02
456;Ar condicionado Preto;2026-01-11
457;Ar condicionado Azul flor de milho;2027-01-29
458;Ar condicionado Azul marinho;2027-06-15
459;Ar condicionado Orquídea;2026-07-11
460;Ar condicionado Castanho claro;2026-07-17
461;Ar condicionado Cinza ardósia claro;2026-05-02
462;Ar condicionado Grená;2025-06-13
463;Ar condicionado Chocolate;2025-09-04
464;Ar condicionado Ocre;2025-05-15
465;Ventilador Independência;2026-11-05
466;Ventilador Lavanda;2025-10-04
467;Ventilador Eucalipto;2025-12-14
468;Ventilador Amarelo brasilis;2026-02-19
469;Ventilador Eminência;2027-02-03
470;Ventilador Azul força aérea;2026-04-12
471;Ventilador Carmim carnáceo;2025-04-04
472;Ventilador Quartzo;2027-05-18
473;Ventilador Dourado;2027-04-06
474;Ventilador Laranja;2025-09-24
475;Ventilador Caqui escuro;2025-08-31
476;Ventilador Branco floral;2025-08-27
477;Ventilador Esmeralda;2026-12-16
478;Ventilador Azul brasilis;2027-01-28
479;Ventilador Cinza ardósia escuro;2027-05-19
480;Exaustor Ametista;2027-02-12
481;Exaustor Borgonha;2024-12-19
482;Exaustor Preto;2027-01-21
483;Exaustor Azul médio;2025-04-11
484;Exaustor Orquídea escura;2026-01-21
485;Exaustor Verde claro;2025-06-11
486;Exaustor Flerte;2025-12-15
487;Exaustor Verde fluorescente;2026-06-10
488;Exaustor Vermelho escuro;2025-06-21
489;Exaustor Laranja escuro;2025-09-07
490;Exaustor Glitter;2027-01-18
491;Exaustor Cinza;2027-05-11
492;Exaustor Jade;2027-05-12
493;Exaustor Jasmine;2025-02-10
494;Exaustor Ameixa;2027-02-16
495;Freezer Caramelo;2025-06-25
496;Freezer Madeira;2026-06-17
497;Freezer Carmim clássico;2026-04-23
498;Freezer Azul areado;2026-05-06
499;Freezer Amarelo escuro;2026-06-01
500;Freezer Bege;2026-02-22
501;Freezer Dourado pálido;2026-05-12
502;Freezer Borgonha;2026-09-17
503;Freezer Ébano;2026-04-17
504;Freezer Magenta;2025-04-20
505;Freezer Esmeralda;2025-07-02
506;Freezer Azul flor de milho;2026-10-14
507;Freezer Verde;2026-08-22
508;Freezer Naval;2026-01-07
509;Freezer Cinza claro;2027-01-10
510;Batedeira Amarelo claro;2026-01-15
511;Batedeira Creme de menta;2027-05-12
512;Batedeira Rosa brilhante;2026-11-05
513;Batedeira Verde lima;2026-05-29
514;Batedeira Verde amarelado;2027-02-22
515;Batedeira Ciano escuro;2025-11-28
516;Batedeira Herbal;2026-09-10
517;Batedeira Amarelo escuro;2025-04-19
518;Batedeira Ouro;2026-07-29
519;Batedeira Alizarina;2025-09-18
520;Batedeira Amarelo esverdeado;2024-12-21
521;Batedeira Azul ardósia escuro;2025-07-10
522;Batedeira Urucum;2025-05-04
523;Batedeira Verde floresta;2027-02-11
524;Batedeira Lavanda;2026-10-16
525;Cortador de grama Castanho avermelhado;2026-04-27
526;Cortador de grama Ébano;2025-10-20
527;Cortador de grama Cinza ardósia claro;2026-10-29
528;Cortador de grama Vermelho enegrecido;2026-01-15
529;Cortador de grama Laranja;2026-07-04
530;Cortador de grama Jasmine;2027-05-01
531;Cortador de grama Azul flor de milho;2025-08-20
532;Cortador de grama Heliotrópio;2027-05-17
533;Cortador de grama Azul camarada;2024-12-23
534;Cortador de grama Mocassim;2027-04-12
535;Cortador de grama Rútilo;2026-09-07
536;Cortador de grama Dourado;2025-03-29
537;Cortador de grama Neve;2026-05-30
538;Cortador de grama Caramelo;2025-05-05
539;Cortador de grama Cobre;2027-03-05
540;Secadora de roupas Verde mar escuro;2026-12-19
541;Secadora de roupas Jasmine;2026-04-25
542;Secadora de roupas Azul real;2025-03-20
543;Secadora de roupas Amarelo queimado;2027-03-18
544;Secadora de roupas Verde escuro;2027-01-05
545;Secadora de roupas Verde-azulado;2026-01-16
546;Secadora de roupas Rosa;2026-01-27
547;Secadora de roupas Ciano escuro;2026-05-28
548;Secadora de roupas Oliva parda;2027-02-03
549;Secadora de roupas Ocre;2025-04-18
550;Secadora de roupas Azul celeste pernambucano;2025-12-30
551;Secadora de roupas Dourado pálido;2025-03-23
552;Secadora de roupas Milho;2026-12-04
553;Secadora de roupas Roxo;2027-04-22
554;Secadora de roupas Chocolate;2025-03-23
555;Máquina de lavar Carmim;2025-07-26
556;Máquina de lavar Rútilo;2025-12-02
557;Máquina de lavar Dourado;2025-01-09
558;Máquina de lavar Azul marinho;2025-04-13
559;Máquina de lavar Jasmine;2026-07-21
560;Máquina de lavar Bege;2026-10-02
561;Máquina de lavar Magenta escuro;2027-06-20
562;Máquina de lavar Nyanza;2025-09-16
563;Máquina de lavar Alizarina;2025-09-25
564;Máquina de lavar Azul aço claro;2025-11-13
565;Máquina de lavar Amarelo queimado;2026-02-19
566;Máquina de lavar Marfim;2026-11-08
567;Máquina de lavar Castanho claro;2026-11-11
568;Máquina de lavar Azul;2025-04-16
569;Máquina de lavar Verde espectro;2026-04-04
570;Ferro de passar Caqui;2026-02-21
571;Ferro de passar Kiwi;2026-10-14
572;Ferro de passar Cinza claro;2027-06-22
573;Ferro de passar Azul brasilis brilhante;2025-02-01
574;Ferro de passar Cenoura;2025-06-23
575;Ferro de passar Rútilo;2027-05-31
576;Ferro de passar Turquesa média;2026-05-16
577;Ferro de passar Amarelo;2026-12-24
578;Ferro de passar Vermelho enegrecido;2025-02-03
579;Ferro de passar Cereja Hollywood;2026-04-18
580;Ferro de passar Turquesa escura;2026-08-29
581;Ferro de passar Renda antiga;2027-06-08
582;Ferro de passar Azul real;2026-11-01
583;Ferro de passar Água;2025-07-10
584;Ferro de passar Amarelo brasilis;2027-04-11
585;Aspirador de pó Orquídea escura;2026-11-28
586;Aspirador de pó Nyanza;2025-01-22
587;Aspirador de pó Verde mar escuro;2027-05-08
588;Aspirador de pó Cobre;2027-02-17
589;Aspirador de pó Verde;2025-07-08
590;Aspirador de pó Azul ardósia;2025-06-20
591;Aspirador de pó Amarelo brasilis;2026-02-02
592;Aspirador de pó Azul brasilis brilhante;2025-09-11
593;Aspirador de pó Pardo;2027-03-12
594;Aspirador de pó Ferrugem;2025-01-19
595;Aspirador de pó Lima;2026-12-25
596;Aspirador de pó Orquídea média;2025-12-19
597;Aspirador de pó Siena;2026-09-08
598;Aspirador de pó Rosa danação;2027-04-26
599;Aspirador de pó Glitter;2025-08-04
600;Notebook Púrpura média;2026-01-06
601;Notebook Tijolo refratário;2027-03-07
602;Notebook Vermelho escuro;2027-01-16
603;Notebook Zinco;2026-12-07
604;Notebook Turquesa média;2027-01-20
605;Notebook Kiwi;2026-10-15
606;Notebook Borgonha;2026-06-14
607;Notebook Ouro;2025-11-09
608;Notebook Azul brasilis brilhante;2027-06-11
609;Notebook Violeta;2026-01-29
610;Notebook Azul aço claro;2026-08-14
611;Notebook Urucum;2025-11-20
612;Notebook Jasmine;2026-09-08
613;Notebook Salmão claro;2025-06-25
614;Notebook Azul celeste brilhante;2025-07-16
615;Smartphone Ferrugem;2025-05-14
616;Smartphone Amarelo escuro;2026-06-03
617;Smartphone Naval;2026-09-24
618;Smartphone Prata;2025-11-03
619;Smartphone Oliva;2027-02-12
620;Smartphone Castanho claro;2025-12-16
621;Smartphone Laranja claro;2026-07-26
622;Smartphone Dourado pálido;2025-09-16
623;Smartphone Fuligem;2027-01-22
624;Smartphone Azul marinho;2025-10-18
625;Smartphone Escarlate;2026-04-01
626;Smartphone Vermelho violeta pálido;2025-10-11
627;Smartphone Marfim;2025-04-06
628;Smartphone Verde-azulado;2025-08-11
629;Smartphone Verde mar médio;2026-05-16
630;Tablet Ouro;2025-11-10
631;Tablet Brasil;2026-12-16
632;Tablet Verde-azulado;2026-10-03
633;Tablet Azul céu;2025-12-31
634;Tablet Cinza claro;2025-03-11
635;Tablet Azul turquesa brilhante;2025-05-30
636;Tablet Feldspato;2025-04-25
637;Tablet Azul aço claro;2025-10-01
638;Tablet Turquesa média;2025-11-15
639;Tablet Verde claro;2027-03-02
640;Tablet Orquídea escura;2025-08-02
641;Tablet Turquesa pálida;2026-05-30
642;Tablet Maná;2025-07-19
643;Tablet Neve;2026-12-23
644;Tablet Bronze;2026-07-17
645;Relógio Amarelo;2027-05-04
646;Relógio Açafrão;2027-03-07
647;Relógio Caramelo;2025-11-08
648;Relógio Ferrugem;2025-02-07
649;Relógio Verde espectro;2027-01-09
650;Relógio Marrom sela;2026-07-24
651;Relógio Púrpura média;2026-11-05
652;Relógio Herbal;2026-09-23
653;Relógio Verde mar médio;2026-10-12
654;Relógio Azul ardósia claro;2025-02-05
655;Relógio Bordô;2027-06-03
656;Relógio Azul meia-noite;2026-05-22
657;Relógio Cardo;2026-04-16
658;Relógio Verde escuro;2027-04-22
659;Relógio Jambo;2026-06-18
660;Fone de ouvido Rosa amoroso;2025-07-25
661;Fone de ouvido Limão;2027-05-24
662;Fone de ouvido Lavanda avermelhada;2026-04-13
663;Fone de ouvido Ouro;2026-06-12
664;Fone de ouvido Púrpura média;2025-09-19
665;Fone de ouvido Azul escuro;2026-02-18
666;Fone de ouvido Azul flor de milho;2025-10-28
667;Fone de ouvido Branco fumaça;2025-10-01
668;Fone de ouvido Lavanda;2024-12-18
669;Fone de ouvido Azul celeste brilhante;2025-04-30
670;Fone de ouvido Couro;2026-01-05
671;Fone de ouvido Flerte;2026-08-25
672;Fone de ouvido Verde amarelado;2025-09-19
673;Fone de ouvido Água-marinha média;2025-03-29
674;Fone de ouvido Salmão escuro;2025-05-16
675;Televisor Borgonha;2025-01-17
676;Televisor Água-marinha média;2025-01-29
677;Televisor Ciano escuro;2026-03-03
678;Televisor Amêndoa;2025-04-25
679;Televisor Jasmine;2027-01-03
680;Televisor Azul celeste brilhante;2025-02-02
681;Televisor Cenoura;2025-12-17
682;Televisor Dourado pálido;2025-12-17
683;Televisor Rosa;2026-12-24
684;Televisor Amarelo queimado;2025-10-01
685;Televisor Ouro;2026-03-21
686;Televisor Branco fumaça;2026-09-05
687;Televisor Verde espectro;2026-04-15
688;Televisor Oliva parda;2026-01-06
689;Televisor Creme de menta;2025-10-07
690;Projetor Verde-azulado;2026-01-11
691;Projetor Cinza médio;2026-07-15
692;Projetor Verde mar claro;2025-10-07
693;Projetor Marrom;2025-08-04
694;Projetor Oliva;2025-07-15
695;Projetor Dourado pálido;2026-04-08
696;Projetor Violeta claro;2025-03-04
697;Projetor Púrpura;2026-11-04
698;Projetor Azul céu;2026-06-04
699;Projetor Cinza claro;2027-04-21
700;Projetor Milho;2025-03-18
701;Projetor Azul turquesa;2026-10-17
702;Projetor Bordô;2026-11-21
703;Projetor Heliotrópio;2026-02-04
704;Projetor Pêssego;2027-05-01
705;Impressora Glitter;2027-01-04
706;Impressora Trigo;2025-11-10
707;Impressora Caqui escuro;2026-03-01
708;Impressora Rútilo;2027-03-29
709;Impressora Alizarina;2025-11-04
710;Impressora Azul ardósia médio;2026-10-17
711;Impressora Lilás;2026-02-12
712;Impressora Azul brasilis;2025-10-13
713;Impressora Carmim carnáceo;2026-10-05
714;Impressora Cinza ardósia;2026-08-15
715;Impressora Jade;2025-08-21
716;Impressora Laranja escuro;2025-07-04
717;Impressora Azul escuro;2025-07-16
718;Impressora Azul ardósia escuro;2025-08-02
719;Impressora Prata;2026-11-27
720;Computador Esmeralda;2026-12-03
721;Computador Rútilo;2025-06-20
722;Computador Tomate;2025-07-16
723;Computador Verde;2027-04-13
724;Computador Salmão claro;2025-11-15
725;Computador Branco navajo;2026-05-29
726;Computador Cinza ardósia escuro;2025-09-19
727;Computador Fuligem;2025-05-12
728;Computador Amarelo escuro;2026-02-18
729;Computador Independência;2026-07-22
730;Computador Triássico;2026-12-04
731;Computador Ébano;2025-05-07
732;Computador Caqui escuro;2026-08-11
733;Computador Magenta;2025-09-11
734;Computador Azul céu;2025-07-24
735;Câmera fotográfica Verde primavera médio;2025-04-03
736;Câmera fotográfica Lavanda;2026-03-12
737;Câmera fotográfica Tomate;2025-09-22
738;Câmera fotográfica Roxo;2026-12-18
739;Câmera fotográfica Escarlate;2025-02-06
740;Câmera fotográfica Neve;2027-04-15
741;Câmera fotográfica Castanho avermelhado;2026-08-12
742;Câmera fotográfica Azul celeste;2027-05-27
743;Câmera fotográfica Independência;2026-10-19
744;Câmera fotográfica Cereja Hollywood;2027-05-31
745;Câmera fotográfica Glitter;2025-07-06
746;Câmera fotográfica Branco;2026-11-15
747;Câmera fotográfica Ouro;2026-12-23
748;Câmera fotográfica Água-marinha média;2025-05-24
749;Câmera fotográfica Verde mar médio;2025-04-23
750;Roteador Azul marinho;2026-05-20
751;Roteador Rosa Choque;2026-08-26
752;Roteador Tomate;2026-03-18
753;Roteador Glitter;2027-06-11
754;Roteador Cinza;2026-05-09
755;Roteador Açafrão;2027-01-23
756;Roteador Fuligem;2027-03-19
757;Roteador Tijolo refratário;2027-04-05
758;Roteador Azul turquesa;2025-08-03
759;Roteador Tangerina;2027-05-11
760;Roteador Cardo;2027-03-19
761;Roteador Zinco;2026-08-15
762;Roteador Índigo;2025-11-12
763;Roteador Verde amarelado;2025-12-25
764;Roteador Púrpura;2024-12-16
765;Caixa de som Azul pólvora;2026-03-12
766;Caixa de som Trigo;2026-03-06
767;Caixa de som Turquesa pálida;2025-11-02
768;Caixa de som Branco;2027-06-23
769;Caixa de som Azul médio;2026-03-29
770;Caixa de som Nyanza;2025-09-09
771;Caixa de som Carmim carnáceo;2027-03-17
772;Caixa de som Azul ardósia claro;2025-05-16
773;Caixa de som Vermelho;2027-05-09
774;Caixa de som Ouro;2025-09-10
775;Caixa de som Verde militar;2026-02-17
776;Caixa de som Herbal;2025-03-18
777;Caixa de som Glicínia;2026-11-23
778;Caixa de som Caqui escuro;2027-05-19
779;Caixa de som Mocassim;2027-06-12
780;Console de videogame Carmesim;2025-05-05
781;Console de videogame Púrpura;2025-02-21
782;Console de videogame Água-marinha média;2025-11-02
783;Console de videogame Siena;2025-07-21
784;Console de videogame Marfim;2027-03-29
785;Console de videogame Violeta claro;2026-01-25
786;Console de videogame Turquesa média;2025-04-24
787;Console de videogame Vermelho violeta médio;2026-09-17
788;Console de videogame Marrom sela;2026-03-12
789;Console de videogame Cinza ardósia claro;2025-03-05
790;Console de videogame Herbal;2026-06-07
791;Console de videogame Kiwi;2027-01-14
792;Console de videogame Eucalipto;2025-09-15
793;Console de videogame Grená;2027-04-19
794;Console de videogame Azul;2025-04-16
795;Tênis Zinco;2025-03-19
796;Tênis Cinza;2026-01-20
797;Tênis Azul ardósia escuro;2025-11-25
798;Tênis Verde lima;2025-05-03
799;Tênis Amarelo claro;2025-01-08
800;Tênis Magenta escuro;2026-07-13
801;Tênis Caqui;2026-01-22
802;Tênis Bege;2026-11-18
803;Tênis Rútilo;2026-03-26
804;Tênis Cinza claro;2025-06-04
805;Tênis Trigo;2026-02-25
806;Tênis Preto;2026-06-28
807;Tênis Orquídea média;2026-01-12
808;Tênis Verde grama;2025-01-05
809;Tênis Cinza escuro;2027-05-15
810;Bota Azul brasilis;2024-12-23
811;Bota Laranja;2026-12-29
812;Bota Azul claro;2026-07-02
813;Bota Herbal;2025-08-17
814;Bota Malva;2026-08-18
815;Bota Marrom sela;2027-04-03
816;Bota Ferrugem;2026-03-01
817;Bota Naval;2025-01-08
818;Bota Brasil;2026-05-13
819;Bota Amêndoa;2025-11-12
820;Bota Verde;2025-03-03
821;Bota Verde primavera;2027-03-11
822;Bota Tangerina;2025-10-30
823;Bota Turquesa escura;2026-06-10
824;Bota Azul turquesa brilhante;2027-03-05
825;Sandália Ferrugem;2026-03-07
826;Sandália Oliva escura;2026-01-08
827;Sandália Vermelho violeta médio;2025-01-25
828;Sandália Azul força aérea;2025-02-12
829;Sandália Salmão escuro;2027-01-02
830;Sandália Herbal;2025-01-25
831;Sandália Aspargo;2026-07-18
832;Sandália Verde primavera;2026-01-08
833;Sandália Creme de menta;2026-08-21
834;Sandália Branco;2025-11-29
835;Sandália Rosa forte;2026-09-18
836;Sandália Vermelho escuro;2026-01-19
837;Sandália Lima;2025-03-17
838;Sandália Rosa embaçado;2027-06-28
839;Sandália Azul médio;2025-07-15
840;Sapato Cinza ardósia claro;2026-11-22
841;Sapato Rútilo;2025-08-19
842;Sapato Amarelo queimado;2027-04-02
843;Sapato Azul escuro;2027-05-20
844;Sapato Rosa forte;2025-07-26
845;Sapato Terracota;2027-01-25
846;Sapato Rosa profundo;2026-05-27
847;Sapato Azul céu profundo;2027-06-02
848;Sapato Azul turquesa;2025-04-23
849;Sapato Marrom rosado;2026-12-04
850;Sapato Cereja Hollywood;2025-11-06
851;Sapato Rosa Choque;2026-09-21
852;Sapato Couro;2026-06-08
853;Sapato Creme de menta;2025-06-16
854;Sapato Castanho claro;2025-05-09
855;Chinelo Cinza;2025-04-22
856;Chinelo Creme;2025-03-13
857;Chinelo Verde lima;2027-06-20
858;Chinelo Ocre;2025-04-22
859;Chinelo Caqui escuro;2024-12-31
860;Chinelo Glitter;2026-08-16
861;Chinelo Mocassim;2025-06-05
862;Chinelo Água-marinha média;2026-01-07
863;Chinelo Amarelo ouro claro;2026-07-15
864;Chinelo Marfim;2025-01-31
865;Chinelo Azul celeste pernambucano;2026-10-04
866;Chinelo Naval;2027-06-24
867;Chinelo Cereja;2026-11-10
868;Chinelo Jambo;2025-10-13
869;Chinelo Amarelo brasilis;2026-09-04
870;Jaqueta Prata;2025-08-04
871;Jaqueta Amarelo queimado;2027-02-23
872;Jaqueta Verde espectro;2026-01-13
873;Jaqueta Ameixa;2024-12-18
874;Jaqueta Amarelo creme;2025-11-03
875;Jaqueta Turquesa pálida;2026-05-25
876;Jaqueta Azul aço claro;2027-01-06
877;Jaqueta Azul céu;2026-11-09
878;Jaqueta Verde amarelado;2025-01-11
879;Jaqueta Ametista;2025-10-01
880;Jaqueta Violeta escuro;2025-03-06
881;Jaqueta Caramelo;2026-07-03
882;Jaqueta Roxo;2025-03-29
883;Jaqueta Maná;2026-05-11
884;Jaqueta Laranja escuro;2026-11-24
885;Camisa Branco fantasma;2025-06-24
886;Camisa Milho;2025-10-21
887;Camisa Bege;2027-01-18
888;Camisa Azul céu profundo;2025-05-29
889;Camisa Terracota;2026-12-02
890;Camisa Ciano escuro;2027-02-26
891;Camisa Ciano claro;2027-05-13
892;Camisa Oliva parda;2025-03-10
893;Camisa Heliotrópio;2025-01-28
894;Camisa Ébano;2026-04-17
895;Camisa Azul;2027-06-13
896;Camisa Vermelho enegrecido;2026-09-04
897;Camisa Marrom sela;2026-08-22
898;Camisa Mamão batido;2025-09-13
899;Camisa Linho;2025-08-15
900;Calça Cinza médio;2026-04-13
901;Calça Púrpura;2025-11-25
902;Calça Amarelo ouro claro;2026-12-23
903;Calça Azul médio;2026-05-08
904;Calça Verde mar claro;2025-11-06
905;Calça Rosa Choque;2027-03-04
906;Calça Açafrão;2025-10-19
907;Calça Azul camarada;2025-11-02
908;Calça Vermelho violeta médio;2026-07-30
909;Calça Brasil;2025-11-19
910;Calça Vermelho violeta;2026-03-03
911;Calça Dourado pálido;2025-06-22
912;Calça Mostarda;2026-09-16
913;Calça Pêssego;2025-09-15
914;Calça Roxo brasilis;2025-08-01
915;Short Azul real;2026-05-05
916;Short Rosa danação;2025-01-14
917;Short Couro;2025-09-24
918;Short Azul céu claro;2026-04-22
919;Short Púrpura média;2026-07-10
920;Short Azul ardósia claro;2025-10-29
921;Short Azul claro;2027-05-10
922;Short Marrom sela;2026-08-14
923;Short Cereja;2026-10-08
924;Short Rosa brilhante;2026-02-06
925;Short Castanho claro;2026-04-22
926;Short Glitter;2027-05-22
927;Short Pardo escuro;2026-02-14
928;Short Azul furtivo;2027-05-30
929;Short Verde primavera;2026-01-29
930;Saia Mostarda;2025-01-07
931;Saia Marrom claro;2025-01-15
932;Saia Violeta escuro;2026-11-06
933;Saia Madeira;2026-08-24
934;Saia Renda antiga;2027-03-28
935;Saia Ocre;2025-06-09
936;Saia Vermelho violeta;2025-04-26
937;Saia Laranja claro;2025-05-30
938;Saia Cinza escuro;2026-10-19
939;Saia Tijolo refratário;2027-03-03
940;Saia Verde floresta;2026-03-05
941;Saia Alizarina;2026-05-01
942;Saia Couro;2027-01-07
943;Saia Azul cobalto;2024-12-27
944;Saia Amarelo queimado;2026-12-20
945;Vestido Vermelho violeta pálido;2026-05-04
946;Vestido Magenta escuro;2025-09-08
947;Vestido Naval;2024-12-14
948;Vestido Tijolo refratário;2026-01-18
949;Vestido Malva;2025-06-14
950;Vestido Amarelo escuro;2025-02-24
951;Vestido Turquesa pálida;2027-06-24
952;Vestido Violeta claro;2025-12-02
953;Vestido Rosa forte;2026-09-26
954;Vestido Púrpura média;2027-04-04
955;Vestido Alizarina;2025-12-24
956;Vestido Rosa;2026-03-24
957;Vestido Renda antiga;2025-03-15
958;Vestido Mocassim;2025-10-30
959;Vestido Orquídea escura;2025-04-22
960;Blusa Azul petróleo;2027-05-24
961;Blusa Renda antiga;2025-06-13
962;Blusa Siena;2025-12-12
963;Blusa Linho;2025-01-03
964;Blusa Turquesa média;2026-02-10
965;Blusa Glitter;2025-10-27
966;Blusa Magenta;2026-03-31
967;Blusa Eucalipto;2025-08-12
968;Blusa Índigo;2027-06-19
969;Blusa Turquesa escura;2026-06-18
970;Blusa Creme;2026-05-03
971;Blusa Azul ardósia claro;2026-08-29
972;Blusa Prata;2025-07-30
973;Blusa Caqui;2027-02-08
974;Blusa Azul ardósia escuro;2026-06-08
975;Cachecol Púrpura média;2025-03-09
976;Cachecol Amarelo esverdeado;2025-07-10
977;Cachecol Marrom;2027-07-01
978;Cachecol Mamão batido;2026-09-02
979;Cachecol Branco floral;2026-07-09
980;Cachecol Borgonha;2026-08-28
981;Cachecol Eucalipto;2026-06-29
982;Cachecol Grená;2025-03-05
983;Cachecol Caqui escuro;2027-06-08
984;Cachecol Verde amarelado;2027-04-13
985;Cachecol Azul petróleo;2025-10-06
986;Cachecol Marrom amarelado;2027-02-16
987;Cachecol Siena;2026-06-24
988;Cachecol Couro;2026-12-15
989;Cachecol Pêssego;2025-12-16
990;Boné Azul camarada;2025-03-22
991;Boné Marrom amarelado;2025-11-06
992;Boné Âmbar;2025-08-09
993;Boné Naval;2025-03-10
994;Boné Oliva escura;2026-06-03
995;Boné Vermelho violeta;2026-06-10
996;Boné Oliva;2025-05-08
997;Boné Carmim carnáceo;2025-04-28
998;Boné Cinza ardósia escuro;2027-02-16
999;Boné Ferrugem;2026-01-05
1000;Boné Amarelo claro;2027-05-17
1001;Boné Marrom sela;2025-11-12
1002;Boné Branco fantasma;2026-02-19
1003;Boné Salmão claro;2025-02-04
1004;Boné Eminência;2025-06-29
1005;Óculos Cinza ardósia escuro;2025-10-03
1006;Óculos Verde militar;2025-12-14
1007;Óculos Caqui;2025-10-04
1008;Óculos Azul céu profundo;2025-07-26
1009;Óculos Turquesa pálida;2025-11-17
1010;Óculos Salmão escuro;2025-02-10
1011;Óculos Dourado escuro;2025-04-06
1012;Óculos Azul celeste pernambucano;2026-03-30
1013;Óculos Branco navajo;2027-02-18
1014;Óculos Mamão batido;2026-05-06
1015;Óculos Amarelo queimado;2027-04-04
1016;Óculos Dourado pálido;2026-10-21
1017;Óculos Azul furtivo;2027-06-24
1018;Óculos Violeta claro;2027-01-16
1019;Óculos Neve;2025-09-08
1020;Bolsa Marrom rosado;2025-01-16
1021;Bolsa Verde fluorescente;2026-08-19
1022;Bolsa Creme;2025-07-13
1023;Bolsa Azul celeste pernambucano;2025-10-23
1024;Bolsa Verde escuro;2025-08-28
1025;Bolsa Azul manteiga;2027-01-30
1026;Bolsa Azul turquesa brilhante;2025-03-24
1027;Bolsa Siena;2025-07-12
1028;Bolsa Azul escuro;2026-11-25
1029;Bolsa Tomate;2025-01-28
1030;Bolsa Malva;2026-09-09
1031;Bolsa Rosa Choque;2025-05-13
1032;Bolsa Ciano;2025-09-13
1033;Bolsa Amarelo queimado;2025-04-23
1034;Bolsa Lima;2025-12-23
1035;Carteira Roxo;2025-03-17
1036;Carteira Cobre;2027-03-06
1037;Carteira Azul marinho;2026-06-05
1038;Carteira Amarelo creme;2025-03-16
1039;Carteira Branco;2027-03-11
1040;Carteira Cinza;2026-04-05
1041;Carteira Verde grama;2026-08-23
1042;Carteira Concha;2025-07-30
1043;Carteira Ciano escuro;2025-03-26
1044;Carteira Fuligem;2025-10-16
1045;Carteira Rosa brilhante;2026-06-15
1046;Carteira Azul médio;2025-02-04
1047;Carteira Bege;2027-01-08
1048;Carteira Vermelho violeta;2025-08-29
1049;Carteira Ferrugem;2027-01-01
1050;Cinto Marrom rosado;2025-10-28
1051;Cinto Branco floral;2024-12-16
1052;Cinto Lavanda;2026-09-05
1053;Cinto Marrom amarelado;2027-03-22
1054;Cinto Maná;2025-02-18
1055;Cinto Azul celeste pernambucano;2025-04-14
1056;Cinto Amarelo ouro claro;2027-02-27
1057;Cinto Grená;2026-03-21
1058;Cinto Cinza médio;2026-08-07
1059;Cinto Azul manteiga;2025-04-22
1060;Cinto Marfim;2026-03-07
1061;Cinto Dourado escuro;2027-02-20
1062;Cinto Pêssego;2026-04-13
1063;Cinto Marrom sela;2026-10-06
1064;Cinto Jasmine;2027-02-10
1065;Mochila Pardo escuro;2026-08-08
1066;Mochila Branco;2025-08-11
1067;Mochila Terracota;2026-03-01
1068;Mochila Azul taparuere;2027-06-24
1069;Mochila Amarelo escuro;2026-03-29
1070;Mochila Roxo;2026-05-31
1071;Mochila Aspargo;2026-03-11
1072;Mochila Azul turquesa brilhante;2026-05-09
1073;Mochila Castanho avermelhado;2025-05-01
1074;Mochila Azul petróleo;2026-04-07
1075;Mochila Carmim clássico;2027-06-01
1076;Mochila Verde militar;2026-08-17
1077;Mochila Azul alice;2025-10-15
1078;Mochila Madeira;2027-02-11
1079;Mochila Púrpura;2026-08-07
1080;Relógio de pulso Verde espectro;2025-05-18
1081;Relógio de pulso Ciano claro;2026-09-10
1082;Relógio de pulso Amarelo ouro claro;2027-05-06
1083;Relógio de pulso Verde Paris;2026-01-31
1084;Relógio de pulso Lavanda;2026-11-29
1085;Relógio de pulso Chocolate;2027-03-25
1086;Relógio de pulso Jasmine;2025-08-30
1087;Relógio de pulso Amarelo esverdeado;2025-10-21
1088;Relógio de pulso Carmim;2025-08-11
1089;Relógio de pulso Cinza ardósia;2025-05-26
1090;Relógio de pulso Azul turquesa brilhante;2024-12-17
1091;Relógio de pulso Azul flor de milho;2025-11-12
1092;Relógio de pulso Tomate;2026-08-08
1093;Relógio de pulso Cobre;2025-06-16
1094;Relógio de pulso Verde mar escuro;2025-10-19
1095;Colar Fúcsia;2025-12-15
1096;Colar Jade;2025-09-13
1097;Colar Oliva;2026-12-19
1098;Colar Magenta escuro;2027-04-14
1099;Colar Sépia;2027-06-14
1100;Colar Laranja escuro;2025-05-31
1101;Colar Ametista;2027-04-24
1102;Colar Cinza escuro;2024-12-21
1103;Colar Branco floral;2026-09-28
1104;Colar Turquesa média;2025-08-07
1105;Colar Quantum;2025-04-08
1106;Colar Branco fantasma;2026-04-15
1107;Colar Dourado escuro;2025-12-04
1108;Colar Milho Claro;2026-03-11
1109;Colar Branco fumaça;2027-05-10
1110;Anel Feldspato;2024-12-15
1111;Anel Neve;2025-12-18
1112;Anel Pardo;2026-03-23
1113;Anel Rosa Choque;2026-10-11
1114;Anel Azul brasilis brilhante;2026-12-15
1115;Anel Marrom claro;2026-09-22
1116;Anel Água;2026-08-26
1117;Anel Roxo;2025-12-20
1118;Anel Naval;2025-08-04
1119;Anel Amarelo ouro claro;2025-02-15
1120;Anel Azul pólvora;2025-07-31
1121;Anel Lavanda avermelhada;2025-09-13
1122;Anel Vermelho violeta médio;2025-07-22
1123;Anel Linho;2025-04-11
1124;Anel Malva;2027-05-24
1125;Brincos Azul furtivo;2025-11-02
1126;Brincos Cinza ardósia claro;2026-09-03
1127;Brincos Laranja claro;2026-02-01
1128;Brincos Glicínia;2025-10-25
1129;Brincos Fúcsia;2026-05-17
1130;Brincos Rosa brilhante;2026-07-12
1131;Brincos Marrom;2026-05-26
1132;Brincos Dourado escuro;2027-02-13
1133;Brincos Roxo brasilis;2026-07-17
1134;Brincos Glitter;2027-02-17
1135;Brincos Amarelo brasilis;2026-10-26
1136;Brincos Chocolate;2025-10-21
1137;Brincos Siena;2026-04-20
1138;Brincos Urucum;2025-01-22
1139;Brincos Dourado pálido;2025-06-26
1140;Pulseira Violeta;2025-08-29
1141;Pulseira Cinza ardósia;2025-05-26
1142;Pulseira Azul turquesa brilhante;2025-12-13
1143;Pulseira Ouro;2027-02-05
1144;Pulseira Marrom amarelado;2024-12-24
1145;Pulseira Quantum;2024-12-17
1146;Pulseira Amarelo creme;2025-06-28
1147;Pulseira Azul alice;2026-04-04
1148;Pulseira Cinza;2025-07-21
1149;Pulseira Amarelo;2027-04-18
1150;Pulseira Água-marinha média;2027-06-20
1151;Pulseira Verde floresta;2025-10-17
1152;Pulseira Laranja;2025-06-23
1153;Pulseira Rosa danação;2026-09-02
1154;Pulseira Castanho claro;2025-07-04
